{"v":"5.4.1","fr":25,"ip":0,"op":250,"w":720,"h":1280,"nm":"Inicio","ddd":0,"assets":[{"id":"image_0","w":1920,"h":1080,"u":"imagesWelcome/","p":"img_0.png","e":0},{"id":"image_1","w":1920,"h":1080,"u":"imagesWelcome/","p":"img_1.png","e":0},{"id":"image_2","w":1920,"h":1080,"u":"imagesWelcome/","p":"img_2.png","e":0},{"id":"image_3","w":1920,"h":1080,"u":"imagesWelcome/","p":"img_3.png","e":0},{"id":"image_4","w":1920,"h":1080,"u":"imagesWelcome/","p":"img_4.png","e":0},{"id":"image_5","w":1920,"h":1080,"u":"imagesWelcome/","p":"img_5.png","e":0},{"id":"image_6","w":1920,"h":1080,"u":"imagesWelcome/","p":"img_6.png","e":0},{"id":"image_7","w":1920,"h":1080,"u":"imagesWelcome/","p":"img_7.png","e":0},{"id":"image_8","w":1920,"h":1080,"u":"imagesWelcome/","p":"img_8.png","e":0},{"id":"image_9","w":1920,"h":1080,"u":"imagesWelcome/","p":"img_9.png","e":0},{"id":"image_10","w":1920,"h":1080,"u":"imagesWelcome/","p":"img_10.png","e":0},{"id":"image_11","w":1920,"h":1080,"u":"imagesWelcome/","p":"img_11.png","e":0},{"id":"image_12","w":1920,"h":1080,"u":"imagesWelcome/","p":"img_12.png","e":0},{"id":"image_13","w":1920,"h":1080,"u":"imagesWelcome/","p":"img_13.png","e":0},{"id":"image_14","w":1920,"h":1080,"u":"imagesWelcome/","p":"img_14.png","e":0},{"id":"image_15","w":1920,"h":1080,"u":"imagesWelcome/","p":"img_15.png","e":0},{"id":"comp_0","layers":[{"ddd":0,"ind":1,"ty":3,"nm":"Escuela","sr":1,"ks":{"o":{"a":0,"k":0,"ix":11},"r":{"a":0,"k":0,"ix":10},"p":{"a":0,"k":[1071,456,0],"ix":2},"a":{"a":0,"k":[48.732,50,0],"ix":1},"s":{"a":1,"k":[{"i":{"x":[0.833,0.833,0.833],"y":[0.833,0.833,0.833]},"o":{"x":[0.167,0.167,0.167],"y":[0.167,0.167,0.167]},"n":["0p833_0p833_0p167_0p167","0p833_0p833_0p167_0p167","0p833_0p833_0p167_0p167"],"t":152,"s":[273.077,100,100],"e":[327.692,120,100]},{"i":{"x":[0.833,0.833,0.833],"y":[0.833,0.833,0.833]},"o":{"x":[0.167,0.167,0.167],"y":[0.167,0.167,0.167]},"n":["0p833_0p833_0p167_0p167","0p833_0p833_0p167_0p167","0p833_0p833_0p167_0p167"],"t":165,"s":[327.692,120,100],"e":[273.077,100,100]},{"t":170}],"ix":6}},"ao":0,"ip":0,"op":251,"st":0,"bm":0},{"ddd":0,"ind":2,"ty":3,"nm":"Mi","sr":1,"ks":{"o":{"a":0,"k":0,"ix":11},"r":{"a":0,"k":0,"ix":10},"p":{"a":0,"k":[1071,376,0],"ix":2},"a":{"a":0,"k":[47,96,0],"ix":1},"s":{"a":1,"k":[{"i":{"x":[0.833,0.833,0.833],"y":[0.833,0.833,0.833]},"o":{"x":[0.167,0.167,0.167],"y":[0.167,0.167,0.167]},"n":["0p833_0p833_0p167_0p167","0p833_0p833_0p167_0p167","0p833_0p833_0p167_0p167"],"t":152,"s":[100,100,100],"e":[120,120,100]},{"i":{"x":[0.833,0.833,0.833],"y":[0.833,0.833,0.833]},"o":{"x":[0.167,0.167,0.167],"y":[0.167,0.167,0.167]},"n":["0p833_0p833_0p167_0p167","0p833_0p833_0p167_0p167","0p833_0p833_0p167_0p167"],"t":165,"s":[120,120,100],"e":[100,100,100]},{"t":170}],"ix":6}},"ao":0,"ip":0,"op":251,"st":0,"bm":0},{"ddd":0,"ind":3,"ty":2,"nm":"M","parent":2,"refId":"image_0","sr":1,"ks":{"o":{"a":0,"k":100,"ix":11},"r":{"a":0,"k":0,"ix":10},"p":{"a":1,"k":[{"i":{"x":0.833,"y":0.833},"o":{"x":0.167,"y":0.167},"n":"0p833_0p833_0p167_0p167","t":87,"s":[30,-400,0],"e":[30,94,0],"to":[0,82.3333358764648,0],"ti":[0,-82.3333358764648,0]},{"t":98}],"ix":2},"a":{"a":0,"k":[1054,374,0],"ix":1},"s":{"a":0,"k":[100,100,100],"ix":6}},"ao":0,"ip":0,"op":251,"st":0,"bm":0},{"ddd":0,"ind":4,"ty":2,"nm":"i","parent":2,"refId":"image_1","sr":1,"ks":{"o":{"a":0,"k":100,"ix":11},"r":{"a":0,"k":0,"ix":10},"p":{"a":1,"k":[{"i":{"x":0.833,"y":0.833},"o":{"x":0.167,"y":0.167},"n":"0p833_0p833_0p167_0p167","t":91,"s":[98,-400,0],"e":[98,100,0],"to":[0,83.3333358764648,0],"ti":[0,-83.3333358764648,0]},{"t":102}],"ix":2},"a":{"a":0,"k":[1122,380,0],"ix":1},"s":{"a":0,"k":[100,100,100],"ix":6}},"ao":0,"ip":0,"op":251,"st":0,"bm":0},{"ddd":0,"ind":5,"ty":2,"nm":"e","parent":1,"refId":"image_2","sr":1,"ks":{"o":{"a":0,"k":100,"ix":11},"r":{"a":0,"k":0,"ix":10},"p":{"a":1,"k":[{"i":{"x":0.833,"y":0.833},"o":{"x":0.167,"y":0.167},"n":"0p833_0p833_0p167_0p167","t":95,"s":[425,70,0],"e":[9.549,70,0],"to":[-69.2417831420898,0,0],"ti":[69.2417831420898,0,0]},{"t":107}],"ix":2},"a":{"a":0,"k":[964,476,0],"ix":1},"s":{"a":0,"k":[36.62,100,100],"ix":6}},"ao":0,"ip":0,"op":251,"st":0,"bm":0},{"ddd":0,"ind":6,"ty":2,"nm":"s","parent":1,"refId":"image_3","sr":1,"ks":{"o":{"a":0,"k":100,"ix":11},"r":{"a":0,"k":0,"ix":10},"p":{"a":1,"k":[{"i":{"x":0.833,"y":0.833},"o":{"x":0.167,"y":0.167},"n":"0p833_0p833_0p167_0p167","t":100,"s":[425.662,60,0],"e":[25.662,60,0],"to":[-66.6666641235352,0,0],"ti":[66.6666641235352,0,0]},{"t":112}],"ix":2},"a":{"a":0,"k":[1008,466,0],"ix":1},"s":{"a":0,"k":[36.62,100,100],"ix":6}},"ao":0,"ip":0,"op":251,"st":0,"bm":0},{"ddd":0,"ind":7,"ty":2,"nm":"c","parent":1,"refId":"image_4","sr":1,"ks":{"o":{"a":0,"k":100,"ix":11},"r":{"a":0,"k":0,"ix":10},"p":{"a":1,"k":[{"i":{"x":0.833,"y":0.833},"o":{"x":0.167,"y":0.167},"n":"0p833_0p833_0p167_0p167","t":106,"s":[458.113,58,0],"e":[38.113,58,0],"to":[-70,0,0],"ti":[70,0,0]},{"t":117}],"ix":2},"a":{"a":0,"k":[1042,464,0],"ix":1},"s":{"a":0,"k":[36.62,100,100],"ix":6}},"ao":0,"ip":0,"op":251,"st":0,"bm":0},{"ddd":0,"ind":8,"ty":2,"nm":"u","parent":1,"refId":"image_5","sr":1,"ks":{"o":{"a":0,"k":100,"ix":11},"r":{"a":0,"k":0,"ix":10},"p":{"a":1,"k":[{"i":{"x":0.833,"y":0.833},"o":{"x":0.167,"y":0.167},"n":"0p833_0p833_0p167_0p167","t":109,"s":[472.493,64,0],"e":[53.493,64,0],"to":[-69.8333358764648,0,0],"ti":[69.8333358764648,0,0]},{"t":121}],"ix":2},"a":{"a":0,"k":[1084,470,0],"ix":1},"s":{"a":0,"k":[36.62,100,100],"ix":6}},"ao":0,"ip":0,"op":251,"st":0,"bm":0},{"ddd":0,"ind":9,"ty":2,"nm":"e","parent":1,"refId":"image_6","sr":1,"ks":{"o":{"a":0,"k":100,"ix":11},"r":{"a":0,"k":0,"ix":10},"p":{"a":1,"k":[{"i":{"x":0.833,"y":0.833},"o":{"x":0.167,"y":0.167},"n":"0p833_0p833_0p167_0p167","t":114,"s":[538.408,76,0],"e":[67.408,76,0],"to":[-78.5,0,0],"ti":[78.5,0,0]},{"t":126}],"ix":2},"a":{"a":0,"k":[1122,482,0],"ix":1},"s":{"a":0,"k":[36.62,100,100],"ix":6}},"ao":0,"ip":0,"op":251,"st":0,"bm":0},{"ddd":0,"ind":10,"ty":2,"nm":"l","parent":1,"refId":"image_7","sr":1,"ks":{"o":{"a":0,"k":100,"ix":11},"r":{"a":0,"k":0,"ix":10},"p":{"a":1,"k":[{"i":{"x":0.833,"y":0.833},"o":{"x":0.167,"y":0.167},"n":"0p833_0p833_0p167_0p167","t":118,"s":[548.127,84,0],"e":[79.127,84,0],"to":[-78.1666641235352,0,0],"ti":[78.1666641235352,0,0]},{"t":130}],"ix":2},"a":{"a":0,"k":[1154,490,0],"ix":1},"s":{"a":0,"k":[36.62,100,100],"ix":6}},"ao":0,"ip":0,"op":251,"st":0,"bm":0},{"ddd":0,"ind":11,"ty":2,"nm":"a","parent":1,"refId":"image_8","sr":1,"ks":{"o":{"a":0,"k":100,"ix":11},"r":{"a":0,"k":0,"ix":10},"p":{"a":1,"k":[{"i":{"x":0.833,"y":0.833},"o":{"x":0.167,"y":0.167},"n":"0p833_0p833_0p167_0p167","t":122,"s":[610.915,98,0],"e":[87.915,98,0],"to":[-87.1666641235352,0,0],"ti":[87.1666641235352,0,0]},{"t":134}],"ix":2},"a":{"a":0,"k":[1178,504,0],"ix":1},"s":{"a":0,"k":[36.62,100,100],"ix":6}},"ao":0,"ip":0,"op":251,"st":0,"bm":0},{"ddd":0,"ind":12,"ty":3,"nm":"CaraAlba","sr":1,"ks":{"o":{"a":0,"k":0,"ix":11},"r":{"a":1,"k":[{"i":{"x":[0.833],"y":[0.833]},"o":{"x":[0.167],"y":[0.167]},"n":["0p833_0p833_0p167_0p167"],"t":181,"s":[-19],"e":[-11]},{"i":{"x":[0.833],"y":[0.833]},"o":{"x":[0.167],"y":[0.167]},"n":["0p833_0p833_0p167_0p167"],"t":185,"s":[-11],"e":[-19]},{"t":191}],"ix":10},"p":{"a":0,"k":[796,534,0],"ix":2},"a":{"a":0,"k":[52,96,0],"ix":1},"s":{"a":0,"k":[100,100,100],"ix":6}},"ao":0,"ip":0,"op":251,"st":0,"bm":0},{"ddd":0,"ind":13,"ty":2,"nm":"CaraGuino","parent":12,"refId":"image_9","sr":1,"ks":{"o":{"a":1,"k":[{"i":{"x":[0.833],"y":[0.833]},"o":{"x":[0.167],"y":[0.167]},"n":["0p833_0p833_0p167_0p167"],"t":183,"s":[0],"e":[100]},{"i":{"x":[0.833],"y":[0.833]},"o":{"x":[0.167],"y":[0.167]},"n":["0p833_0p833_0p167_0p167"],"t":184,"s":[100],"e":[100]},{"i":{"x":[0.833],"y":[0.833]},"o":{"x":[0.167],"y":[0.167]},"n":["0p833_0p833_0p167_0p167"],"t":192,"s":[100],"e":[0]},{"t":193}],"ix":11},"r":{"a":0,"k":19,"ix":10},"p":{"a":0,"k":[205.112,155.066,0],"ix":2},"a":{"a":0,"k":[960,540,0],"ix":1},"s":{"a":0,"k":[100,100,100],"ix":6}},"ao":0,"ip":0,"op":251,"st":0,"bm":0},{"ddd":0,"ind":14,"ty":2,"nm":"CaraNormal","parent":12,"refId":"image_10","sr":1,"ks":{"o":{"a":1,"k":[{"i":{"x":[0.833],"y":[0.833]},"o":{"x":[0.167],"y":[0.167]},"n":["0p833_0p833_0p167_0p167"],"t":66,"s":[0],"e":[100]},{"i":{"x":[0.833],"y":[0.833]},"o":{"x":[0.167],"y":[0.167]},"n":["0p833_0p833_0p167_0p167"],"t":81,"s":[100],"e":[100]},{"i":{"x":[0.833],"y":[0.833]},"o":{"x":[0.167],"y":[0.167]},"n":["0p833_0p833_0p167_0p167"],"t":183,"s":[100],"e":[0]},{"i":{"x":[0.833],"y":[0.833]},"o":{"x":[0.167],"y":[0.167]},"n":["0p833_0p833_0p167_0p167"],"t":184,"s":[0],"e":[0]},{"i":{"x":[0.833],"y":[0.833]},"o":{"x":[0.167],"y":[0.167]},"n":["0p833_0p833_0p167_0p167"],"t":192,"s":[0],"e":[100]},{"t":193}],"ix":11},"r":{"a":0,"k":19,"ix":10},"p":{"a":0,"k":[205.112,155.066,0],"ix":2},"a":{"a":0,"k":[960,540,0],"ix":1},"s":{"a":0,"k":[100,100,100],"ix":6}},"ao":0,"ip":0,"op":251,"st":0,"bm":0},{"ddd":0,"ind":15,"ty":2,"nm":"Alba","parent":12,"refId":"image_11","sr":1,"ks":{"o":{"a":1,"k":[{"i":{"x":[0.833],"y":[0.833]},"o":{"x":[0.167],"y":[0.167]},"n":["0p833_0p833_0p167_0p167"],"t":66,"s":[0],"e":[100]},{"t":81}],"ix":11},"r":{"a":0,"k":19,"ix":10},"p":{"a":0,"k":[205.112,155.066,0],"ix":2},"a":{"a":0,"k":[960,540,0],"ix":1},"s":{"a":0,"k":[100,100,100],"ix":6}},"ao":0,"ip":0,"op":251,"st":0,"bm":0},{"ddd":0,"ind":16,"ty":2,"nm":"Casa2","refId":"image_12","sr":1,"ks":{"o":{"a":0,"k":100,"ix":11},"r":{"a":0,"k":0,"ix":10},"p":{"a":0,"k":[984,724,0],"ix":2},"a":{"a":0,"k":[984,724,0],"ix":1},"s":{"a":1,"k":[{"i":{"x":[0.833,0.833,0.833],"y":[0.833,0.833,0.833]},"o":{"x":[0.167,0.167,0.167],"y":[0.167,0.167,0.167]},"n":["0p833_0p833_0p167_0p167","0p833_0p833_0p167_0p167","0p833_0p833_0p167_0p167"],"t":64,"s":[0,0,100],"e":[100,100,100]},{"t":69}],"ix":6}},"ao":0,"ip":0,"op":251,"st":0,"bm":0},{"ddd":0,"ind":17,"ty":2,"nm":"Casa1","refId":"image_13","sr":1,"ks":{"o":{"a":0,"k":100,"ix":11},"r":{"a":0,"k":0,"ix":10},"p":{"a":0,"k":[814,732,0],"ix":2},"a":{"a":0,"k":[814,732,0],"ix":1},"s":{"a":1,"k":[{"i":{"x":[0.833,0.833,0.833],"y":[0.833,0.833,0.833]},"o":{"x":[0.167,0.167,0.167],"y":[0.167,0.167,0.167]},"n":["0p833_0p833_0p167_0p167","0p833_0p833_0p167_0p167","0p833_0p833_0p167_0p167"],"t":60,"s":[0,0,100],"e":[100,100,100]},{"t":66}],"ix":6}},"ao":0,"ip":0,"op":251,"st":0,"bm":0},{"ddd":0,"ind":18,"ty":2,"nm":"Casa3","refId":"image_14","sr":1,"ks":{"o":{"a":0,"k":100,"ix":11},"r":{"a":0,"k":0,"ix":10},"p":{"a":0,"k":[1162,730,0],"ix":2},"a":{"a":0,"k":[1162,730,0],"ix":1},"s":{"a":1,"k":[{"i":{"x":[0.833,0.833,0.833],"y":[0.833,0.833,0.833]},"o":{"x":[0.167,0.167,0.167],"y":[0.167,0.167,0.167]},"n":["0p833_0p833_0p167_0p167","0p833_0p833_0p167_0p167","0p833_0p833_0p167_0p167"],"t":52,"s":[0,0,100],"e":[100,100,100]},{"t":57}],"ix":6}},"ao":0,"ip":0,"op":251,"st":0,"bm":0},{"ddd":0,"ind":19,"ty":2,"nm":"Circulo","refId":"image_15","sr":1,"ks":{"o":{"a":1,"k":[{"i":{"x":[0.833],"y":[0.833]},"o":{"x":[0.167],"y":[0.167]},"n":["0p833_0p833_0p167_0p167"],"t":24,"s":[0],"e":[100]},{"t":46}],"ix":11},"r":{"a":0,"k":0,"ix":10},"p":{"a":0,"k":[960,540,0],"ix":2},"a":{"a":0,"k":[960,540,0],"ix":1},"s":{"a":0,"k":[100,100,100],"ix":6}},"ao":0,"ip":0,"op":251,"st":0,"bm":0}]}],"layers":[{"ddd":0,"ind":1,"ty":0,"nm":"LogoMiEscuela","refId":"comp_0","sr":1,"ks":{"o":{"a":0,"k":100,"ix":11},"r":{"a":0,"k":0,"ix":10},"p":{"a":0,"k":[372,520,0],"ix":2},"a":{"a":0,"k":[960,540,0],"ix":1},"s":{"a":0,"k":[52.269,52.269,100],"ix":6}},"ao":0,"w":1920,"h":1080,"ip":0,"op":250,"st":0,"bm":0},{"ddd":0,"ind":3,"ty":1,"nm":"Fondo","sr":1,"ks":{"o":{"a":0,"k":100,"ix":11},"r":{"a":0,"k":0,"ix":10},"p":{"a":0,"k":[360,640,0],"ix":2},"a":{"a":0,"k":[360,640,0],"ix":1},"s":{"a":0,"k":[100,100,100],"ix":6}},"ao":0,"sw":720,"sh":1280,"sc":"white","ip":0,"op":250,"st":0,"bm":0}],"markers":[]}
